{
  "Normal": {
    "precision": 0.9894736842105263,
    "recall": 0.4017094017094017,
    "f1-score": 0.5714285714285714,
    "support": 234.0
  },
  "Pneumonia": {
    "precision": 0.7353497164461248,
    "recall": 0.9974358974358974,
    "f1-score": 0.8465723612622416,
    "support": 390.0
  },
  "accuracy": 0.7740384615384616,
  "macro avg": {
    "precision": 0.8624117003283256,
    "recall": 0.6995726495726495,
    "f1-score": 0.7090004663454065,
    "support": 624.0
  },
  "weighted avg": {
    "precision": 0.8306462043577755,
    "recall": 0.7740384615384616,
    "f1-score": 0.7433934400746153,
    "support": 624.0
  }
}